omega,time
0.00239227091223203,990
0.00202921804897962,1002
0.00196974490840747,1008
0.00185358932177547,1030
0.00166128530350416,1046
0.00139147138739732,1066
0.00118229930585614,1084
0.00112813991312034,1100
0.000808762858685571,1136
0.00052494137761508,1188
0.000377284389871368,1240
0.000267964613520749,1288
